{
  "camera_device": 0,
  "use_usb": true,
  "camera_resolution": {
    "width": 1920,
    "height": 1080
  },
  "crop_region": {
    "x": 598,
    "y": 200,
    "width": 946,
    "height": 568
  },
  "target_resolution": {
    "width": 800,
    "height": 480
  },
  "aspect_ratio": {
    "target": 1.6666666666666667,
    "actual": 1.6654929577464788
  },
  "calibration_timestamp": 1754878471.0318654
}
